{
  "UnetAutoencoder": {
    "gaussian": {
      "overall": [
        14.227818,
        14.132435,
        14.291838
      ],
      "per_snr": {
        "m5dB": [
          8.872146,
          8.984118,
          8.99018
        ],
        "m2dB": [
          10.004273,
          6.7651505,
          6.2910967
        ],
        "p0dB": [
          12.516123,
          12.547265,
          12.637263
        ],
        "p3dB": [
          14.782196,
          14.523368,
          13.800201
        ],
        "p5dB": [
          16.165516,
          16.104809,
          15.751554
        ],
        "p8dB": [
          17.94637,
          17.947037,
          18.064484
        ],
        "p10dB": [
          19.064518,
          19.079487,
          19.247585
        ],
        "p12dB": [
          20.146303,
          20.02425,
          20.406403
        ],
        "p15dB": [
          21.823166,
          21.557158,
          21.394255
        ],
        "p18dB": [
          23.78302,
          23.45751,
          23.435257
        ]
      },
      "wavelet_test_mse": [],
      "val_snr": [
        14.241715431213379,
        14.275793075561523,
        14.384631156921387
      ]
    },
    "non_gaussian": {
      "overall": [
        14.928719,
        14.989487,
        15.0669365
      ],
      "per_snr": {
        "m5dB": [
          9.693156,
          9.904863,
          9.867272
        ],
        "m2dB": [
          11.857258,
          11.976638,
          12.002879
        ],
        "p0dB": [
          13.23661,
          13.332877,
          13.367085
        ],
        "p3dB": [
          15.247422,
          15.336747,
          15.373428
        ],
        "p5dB": [
          16.556604,
          16.642252,
          16.672514
        ],
        "p8dB": [
          18.527979,
          18.61131,
          18.603237
        ],
        "p10dB": [
          19.831154,
          19.914402,
          19.866903
        ],
        "p12dB": [
          21.221363,
          21.293846,
          21.220398
        ],
        "p15dB": [
          23.304007,
          23.363075,
          23.272305
        ],
        "p18dB": [
          25.54527,
          25.599335,
          25.482409
        ]
      },
      "wavelet_test_mse": [],
      "val_snr": [
        15.015225410461426,
        15.073741912841797,
        15.116691589355469
      ]
    }
  },
  "ResNetAutoencoder": {
    "gaussian": {
      "overall": [
        13.075284,
        13.20595,
        13.125149
      ],
      "per_snr": {
        "m5dB": [
          7.9179726,
          8.151775,
          8.013157
        ],
        "m2dB": [
          6.392617,
          9.155837,
          5.057898
        ],
        "p0dB": [
          11.357004,
          11.607864,
          11.42857
        ],
        "p3dB": [
          12.756489,
          13.928621,
          12.747339
        ],
        "p5dB": [
          14.623428,
          15.179707,
          14.653542
        ],
        "p8dB": [
          16.469055,
          16.772718,
          16.609629
        ],
        "p10dB": [
          17.668495,
          17.95761,
          17.828302
        ],
        "p12dB": [
          18.943317,
          19.217312,
          19.104883
        ],
        "p15dB": [
          20.801605,
          21.002739,
          20.953625
        ],
        "p18dB": [
          22.657316,
          22.67461,
          22.831444
        ]
      },
      "wavelet_test_mse": [],
      "val_snr": [
        13.092857360839844,
        13.346622467041016,
        13.192667961120605
      ]
    },
    "non_gaussian": {
      "overall": [
        14.395788,
        14.434113,
        14.37846
      ],
      "per_snr": {
        "m5dB": [
          9.208652,
          9.356882,
          9.200338
        ],
        "m2dB": [
          11.354401,
          11.441591,
          11.317014
        ],
        "p0dB": [
          12.701164,
          12.779771,
          12.661106
        ],
        "p3dB": [
          14.709131,
          14.785079,
          14.656615
        ],
        "p5dB": [
          16.025677,
          16.096216,
          15.971566
        ],
        "p8dB": [
          17.975483,
          18.04098,
          17.932812
        ],
        "p10dB": [
          19.238909,
          19.300592,
          19.21834
        ],
        "p12dB": [
          20.548206,
          20.615843,
          20.548973
        ],
        "p15dB": [
          22.468227,
          22.538357,
          22.491695
        ],
        "p18dB": [
          24.434883,
          24.487644,
          24.504173
        ]
      },
      "wavelet_test_mse": [],
      "val_snr": [
        14.490208625793457,
        14.518293380737305,
        14.427042007446289
      ]
    }
  },
  "HybridDSGE_UNet": {
    "gaussian": {
      "overall": [
        10.722391,
        11.507789,
        11.15167
      ],
      "per_snr": {
        "m5dB": [
          5.31351,
          5.8862166,
          5.4677763
        ],
        "m2dB": [
          5.870225,
          3.0663612,
          4.7163625
        ],
        "p0dB": [
          9.325659,
          10.265175,
          9.80719
        ],
        "p3dB": [
          10.822762,
          9.3930855,
          10.720359
        ],
        "p5dB": [
          12.362072,
          11.691587,
          12.607153
        ],
        "p8dB": [
          13.977829,
          15.006074,
          14.598715
        ],
        "p10dB": [
          14.72355,
          15.707676,
          15.455294
        ],
        "p12dB": [
          15.434273,
          16.356485,
          16.293163
        ],
        "p15dB": [
          16.15195,
          16.99284,
          17.265923
        ],
        "p18dB": [
          16.658524,
          17.456915,
          18.02456
        ]
      },
      "wavelet_test_mse": [],
      "val_snr": [
        10.743768692016602,
        11.59976863861084,
        11.236108779907227
      ]
    },
    "non_gaussian": {
      "overall": [
        0.00035307024,
        11.768843,
        0.0004250268
      ],
      "per_snr": {
        "m5dB": [
          -5.177194e-07,
          5.4810333,
          -7.765791e-07
        ],
        "m2dB": [
          3.624034e-06,
          9.07405,
          1.0354386e-06
        ],
        "p0dB": [
          1.7084705e-05,
          11.135862,
          1.6566988e-05
        ],
        "p3dB": [
          5.4360193e-05,
          13.144641,
          6.5232154e-05
        ],
        "p5dB": [
          0.00012321546,
          13.976238,
          0.00013667576
        ],
        "p8dB": [
          0.0003427167,
          14.941817,
          0.0003779187
        ],
        "p10dB": [
          0.00063364225,
          15.340986,
          0.0006936886
        ],
        "p12dB": [
          0.0009835555,
          15.729233,
          0.0010932856
        ],
        "p15dB": [
          0.0017117605,
          16.041986,
          0.001956021
        ],
        "p18dB": [
          0.0026012782,
          16.286217,
          0.0030043214
        ]
      },
      "wavelet_test_mse": [],
      "val_snr": [
        0.0003789540205616504,
        11.722330093383789,
        0.00039862561970949173
      ]
    }
  },
  "Wavelet": {
    "gaussian": {
      "overall": [],
      "per_snr": {
        "m5dB": [],
        "m2dB": [],
        "p0dB": [],
        "p3dB": [],
        "p5dB": [],
        "p8dB": [],
        "p10dB": [],
        "p12dB": [],
        "p15dB": [],
        "p18dB": []
      },
      "wavelet_test_mse": [
        0.09009956884281396,
        0.0890351060345126,
        0.0895196923456879
      ],
      "val_snr": []
    },
    "non_gaussian": {
      "overall": [],
      "per_snr": {
        "m5dB": [],
        "m2dB": [],
        "p0dB": [],
        "p3dB": [],
        "p5dB": [],
        "p8dB": [],
        "p10dB": [],
        "p12dB": [],
        "p15dB": [],
        "p18dB": []
      },