{
  "UnetAutoencoder": {
    "gaussian": {
      "overall_testset": [
        3.9429035,
        3.8955326
      ],
      "per_snr_mean_per_seed": [
        6.597131797,
        6.351115576
      ],
      "per_snr": {
        "m20dB": [
          -0.43366623,
          -0.4375353
        ],
        "m17dB": [
          1.0300921,
          0.88222516
        ],
        "m15dB": [
          2.3773642,
          1.9247499
        ],
        "m12dB": [
          4.0870895,
          4.1145377
        ],
        "m10dB": [
          6.0571294,
          5.899185
        ],
        "m7dB": [
          7.867037,
          7.8726463
        ],
        "m5dB": [
          8.615096,
          8.408281
        ],
        "m3dB": [
          10.476683,
          10.181997
        ],
        "p0dB": [
          11.754165,
          11.229042
        ],
        "p3dB": [
          14.140328,
          13.436027
        ]
      },
      "wavelet_test_mse": [],
      "val_snr": [
        3.8369345664978027,
        3.943311929702759
      ],
      "seeds": [
        42,
        43
      ]
    },
    "non_gaussian": {
      "overall_testset": [
        5.011356,
        4.8983517
      ],
      "per_snr_mean_per_seed": [
        7.585874425999999,
        7.563874937
      ],
      "per_snr": {
        "m20dB": [
          0.10158036,
          -0.03804013
        ],
        "m17dB": [
          1.795087,
          1.6697801
        ],
        "m15dB": [
          3.2263322,
          3.1065254
        ],
        "m12dB": [
          5.2752066,
          5.192314
        ],
        "m10dB": [
          6.6167636,
          6.563685
        ],
        "m7dB": [
          8.680483,
          8.685564
        ],
        "m5dB": [
          10.0326395,
          10.068187
        ],
        "m3dB": [
          11.414434,
          11.470104
        ],
        "p0dB": [
          13.409731,
          13.494438
        ],
        "p3dB": [
          15.306487,
          15.426192
        ]
      },
      "wavelet_test_mse": [],
      "val_snr": [
        4.93131685256958,
        4.924262046813965
      ],
      "seeds": [
        42,
        43
      ]
    }
  },
  "ResNetAutoencoder": {
    "gaussian": {
      "overall_testset": [
        3.835149,
        3.8109756
      ],
      "per_snr_mean_per_seed": [
        6.3480624169999995,
        6.2133105220000004
      ],
      "per_snr": {
        "m20dB": [
          -0.21176143,
          -0.21560794
        ],
        "m17dB": [
          1.1253377,
          0.69590926
        ],
        "m15dB": [
          2.1098688,
          1.4143143
        ],
        "m12dB": [
          3.8658805,
          3.829056
        ],
        "m10dB": [
          5.4067326,
          4.7403803
        ],
        "m7dB": [
          7.52603,
          7.3788643
        ],
        "m5dB": [
          8.288244,
          8.377216
        ],
        "m3dB": [
          10.238195,
          10.381439
        ],
        "p0dB": [
          11.400689,
          11.547625
        ],
        "p3dB": [
          13.731408,
          13.983909
        ]
      },
      "wavelet_test_mse": [],
      "val_snr": [
        3.7477316856384277,
        3.8468523025512695
      ],
      "seeds": [
        42,
        43
      ]
    },
    "non_gaussian": {
      "overall_testset": [
        4.8311615,
        4.718311
      ],
      "per_snr_mean_per_seed": [
        7.1333951959999995,
        7.1395572430000005
      ],
      "per_snr": {
        "m20dB": [
          0.54076356,
          0.29519403
        ],
        "m17dB": [
          1.7048746,
          1.5672472
        ],
        "m15dB": [
          2.8750374,
          2.7960982
        ],
        "m12dB": [
          4.8687344,
          4.846965
        ],
        "m10dB": [
          6.162277,
          6.1671925
        ],
        "m7dB": [
          8.088568,
          8.118419
        ],
        "m5dB": [
          9.335299,
          9.3965225
        ],
        "m3dB": [
          10.63616,
          10.74647
        ],
        "p0dB": [
          12.591633,
          12.756044
        ],
        "p3dB": [
          14.530605,
          14.70542
        ]
      },
      "wavelet_test_mse": [],
      "val_snr": [
        4.743577480316162,
        4.742002487182617
      ],
      "seeds": [
        42,
        43
      ]
    }
  },
  "HybridDSGE_UNet": {
    "gaussian": {
      "overall_testset": [
        1.7200723,
        0.0034243986
      ],
      "per_snr_mean_per_seed": [
        0.40191011700000007,
        -0.0060935443
      ],
      "per_snr": {
        "m20dB": [
          -0.24384868,
          -0.0005529595
        ],
        "m17dB": [
          -8.678206,
          -0.040487155
        ],
        "m15dB": [
          -6.848619,
          -0.023898587
        ],
        "m12dB": [
          0.7737109,
          0.00185304
        ],
        "m10dB": [
          -2.4427078,
          -0.0035631116
        ],
        "m7dB": [
          0.18394135,
          0.0013344756
        ],
        "m5dB": [
          4.217679,
          0.007975387
        ],
        "m3dB": [
          3.611372,
          0.0004390038
        ],
        "p0dB": [
          6.4018164,
          0.0027306287
        ],
        "p3dB": [
          7.043963,
          -0.006766165
        ]
      },
      "wavelet_test_mse": [],
      "val_snr": [
        1.6836440563201904,
        0.0034885448403656483
      ],
      "seeds": [
        42,
        43
      ]
    },
    "non_gaussian": {
      "overall_testset": [
        3.624034e-06,
        2.7956756e-05
      ],
      "per_snr_mean_per_seed": [
        4.416023033e-05,
        7.069228819e-05
      ],
      "per_snr": {
        "m20dB": [
          -3.882897e-06,
          -2.5885975e-06
        ],
        "m17dB": [
          -1.113098e-05,
          -6.471497e-06
        ],
        "m15dB": [
          -7.765791e-07,
          1.0354386e-06
        ],
        "m12dB": [
          -1.8120181e-06,
          5.1771904e-06
        ],
        "m10dB": [
          5.6949093e-06,
          5.1771904e-06
        ],
        "m7dB": [
          1.5531579e-06,
          1.0354375e-05
        ],
        "m5dB": [
          5.6949093e-06,
          3.6240202e-05
        ],
        "m3dB": [
          3.0545336e-05,
          7.71395e-05
        ],
        "p0dB": [
          0.000109237415,
          0.00018378648
        ],
        "p3dB": [
          0.00030647905,
          0.0003970726
        ]
      },
      "wavelet_test_mse": [],
      "val_snr": [
        1.0354385722166626e-06,
        2.174415931222029e-05
      ],
      "seeds": [
        42,
        43
      ]
    }
  },
  "Wavelet": {
    "gaussian": {
      "overall_testset": [],
      "per_snr_mean_per_seed": [],
      "per_snr": {
        "m20dB": [],
        "m17dB": [],
        "m15dB": [],
        "m12dB": [],
        "m10dB": [],
        "m7dB": [],
        "m5dB": [],
        "m3dB": [],
        "p0dB": [],
        "p3dB": []
      },
      "wavelet_test_mse": [
        1.0974729448676706,
        1.0914139843977955
      ],
      "val_snr": [],
      "seeds": [
        42,
        43
      ]
    },
    "non_gaussian": {
      "overall_testset": [],
      "per_snr_mean_per_seed": [],
      "per_snr": {
        "m20dB": [],
        "m17dB": [],
        "m15dB": [],
        "m12dB": [],
        "m10dB": [],
        "m7dB": [],
        "m5dB": [],
        "m3dB": [],
        "p0dB": [],
        "p3dB": []
      },
      "wavelet_test_mse": [
        3.7580440781989717,
        3.7239217660387656
      ],
      "val_snr": [],
      "seeds": [
        42,
        43
      ]
    }
  }
}