{
  "HybridDSGE_UNet_robust_S3_vA": {
    "gaussian": {
      "gaussian": [
        0.4019102454185486,
        -0.006093543954193592
      ],
      "non_gaussian": [
        -1.5422025918960571,
        -0.017236776649951935
      ]
    },
    "non_gaussian": {
      "gaussian": [
        0.00013216557272244245,
        0.00018136927974410355
      ],
      "non_gaussian": [
        4.416023148223758e-05,
        7.069228740874678e-05
      ]
    }
  },
  "ResNetAutoencoder": {
    "gaussian": {
      "gaussian": [
        6.348061561584473,
        6.213310241699219
      ],
      "non_gaussian": [
        6.533777713775635,
        6.313037872314453
      ]
    },
    "non_gaussian": {
      "gaussian": [
        6.82217264175415,
        6.8258256912231445
      ],
      "non_gaussian": [
        7.13339376449585,
        7.139556884765625
      ]
    }
  },
  "UnetAutoencoder": {
    "gaussian": {
      "gaussian": [
        6.597131252288818,
        6.351116180419922
      ],
      "non_gaussian": [
        6.824657440185547,
        6.517958641052246
      ]
    },
    "non_gaussian": {
      "gaussian": [
        7.262031555175781,
        7.234443664550781
      ],
      "non_gaussian": [
        7.585873603820801,
        7.5638747215271
      ]
    }
  },
  "Wavelet": {
    "gaussian": {
      "gaussian": [
        -4.4497943015816395,
        -4.4497943015816395
      ],
      "non_gaussian": [
        -5.9451184976251685,
        -5.9451184976251685
      ]
    },
    "non_gaussian": {
      "gaussian": [
        -4.4497943015816395,
        -4.4497943015816395
      ],
      "non_gaussian": [
        -5.9451184976251685,
        -5.9451184976251685
      ]
    }
  }
}