{
  "FPV": {
    "gaussian": {
      "HybridDSGE_UNet": [
        -0.29235783964395523,
        -0.31181460122267407,
        -0.3189666469891866
      ],
      "ResNetAutoencoder": [
        -0.6848512813448906,
        -0.2388113016883532,
        -0.5282595853010813
      ],
      "UnetAutoencoder": [
        -0.5691397587458292,
        -0.4455759773651759,
        -0.36353861168026924
      ],
      "Wavelet": [
        -1.5921223885833555,
        -1.5921223885833555,
        -1.5921223885833555
      ]
    },
    "non_gaussian": {
      "HybridDSGE_UNet": [
        -0.0010258461106786854,
        -0.001297247125573146,
        -0.1199845311542352
      ],
      "ResNetAutoencoder": [
        -0.45790960857023794,
        -0.6557109033068022,
        -0.3800989066561063
      ],
      "UnetAutoencoder": [
        -0.18237250484526157,
        -0.17927397228777409,
        -0.3582574427127838
      ],
      "Wavelet": [
        -1.5921223885833555,
        -1.5921223885833555,
        -1.5921223885833555
      ]
    }
  },
  "deep_space": {
    "gaussian": {
      "HybridDSGE_UNet": [
        -0.21659169097741446,
        -0.5728980799516042
      ],
      "ResNetAutoencoder": [
        -0.6363734503587087,
        -0.8760228355725607
      ],
      "UnetAutoencoder": [
        -0.8296032051245371,
        -0.5879426548878351
      ],
      "Wavelet": [
        -0.4889833663641707,
        -0.4889833663641707
      ]
    },
    "non_gaussian": {
      "HybridDSGE_UNet": [
        -0.016117385278145473,
        -0.015214445379873117
      ],
      "ResNetAutoencoder": [
        -0.6636822323004404,
        -0.5502721319595972
      ],
      "UnetAutoencoder": [
        -0.709386388460795,
        -0.7831785877545675
      ],
      "Wavelet": [
        -0.4889833663641707,
        -0.4889833663641707
      ]
    }
  }
}