{
  "b1_run": "data_generation/datasets/fpv_telemetry_polygauss_qpsk_bs1024_n100000_953c56e8/runs/run_20260422_d98d21b3",
  "real_dataset": "data_generation/datasets/radioml2018_bpsk_qpsk_fpv",
  "test_noise": "non_gaussian",
  "nperseg": 128,
  "timestamp": "20260424_204836",
  "results": {
    "HybridDSGE_UNet_robust_S3_vA_non_gaussian": {
      "0dB": {
        "MSE": 0.11130185425281525,
        "MAE": 0.27459681034088135,
        "RMSE": 0.3336193263530731,
        "SNR": -0.11090829968452454,
        "snr_in_db": 0.0,
        "n_samples": 500
      },
      "4dB": {
        "MSE": 0.20858126878738403,
        "MAE": 0.3688153028488159,
        "RMSE": 0.4567069709300995,
        "SNR": -0.16630686819553375,
        "snr_in_db": 4.0,
        "n_samples": 500
      },
      "8dB": {
        "MSE": 0.42896518111228943,
        "MAE": 0.4891361594200134,
        "RMSE": 0.6549543142318726,
        "SNR": -0.1591467559337616,
        "snr_in_db": 8.0,
        "n_samples": 500
      },
      "12dB": {
        "MSE": 0.6790687441825867,
        "MAE": 0.5399487018585205,
        "RMSE": 0.8240562677383423,
        "SNR": -0.10956931859254837,
        "snr_in_db": 12.0,
        "n_samples": 500
      },
      "16dB": {
        "MSE": 1.06073796749115,
        "MAE": 0.6075689196586609,
        "RMSE": 1.029921293258667,
        "SNR": -0.08381339907646179,
        "snr_in_db": 16.0,
        "n_samples": 500
      },
      "18dB": {
        "MSE": 1.0031640529632568,
        "MAE": 0.58324134349823,
        "RMSE": 1.001580834388733,
        "SNR": -0.09016254544258118,
        "snr_in_db": 18.0,
        "n_samples": 500
      }
    },
    "ResNetAutoencoder_non_gaussian": {
      "0dB": {
        "MSE": 0.10913030803203583,
        "MAE": 0.2719898819923401,
        "RMSE": 0.33034875988960266,
        "SNR": -0.025338217616081238,
        "snr_in_db": 0.0,
        "n_samples": 500
      },
      "4dB": {
        "MSE": 0.21207670867443085,
        "MAE": 0.37289363145828247,
        "RMSE": 0.46051788330078125,
        "SNR": -0.23848339915275574,
        "snr_in_db": 4.0,
        "n_samples": 500
      },
      "8dB": {
        "MSE": 0.4717581272125244,
        "MAE": 0.5188654661178589,
        "RMSE": 0.6868464946746826,
        "SNR": -0.572120189666748,
        "snr_in_db": 8.0,
        "n_samples": 500
      },
      "12dB": {
        "MSE": 0.7548771500587463,
        "MAE": 0.5916033387184143,
        "RMSE": 0.8688366413116455,
        "SNR": -0.5691946148872375,
        "snr_in_db": 12.0,
        "n_samples": 500
      },
      "16dB": {
        "MSE": 1.1466608047485352,
        "MAE": 0.6617730259895325,
        "RMSE": 1.0708224773406982,
        "SNR": -0.4220820963382721,
        "snr_in_db": 16.0,
        "n_samples": 500
      },
      "18dB": {
        "MSE": 1.0906695127487183,
        "MAE": 0.6412591934204102,
        "RMSE": 1.0443512201309204,
        "SNR": -0.4533749222755432,
        "snr_in_db": 18.0,
        "n_samples": 500
      }
    },
    "UnetAutoencoder_non_gaussian": {
      "0dB": {
        "MSE": 0.10948298871517181,
        "MAE": 0.2724400460720062,
        "RMSE": 0.33088213205337524,
        "SNR": -0.0393507182598114,
        "snr_in_db": 0.0,
        "n_samples": 500
      },
      "4dB": {
        "MSE": 0.2149968445301056,
        "MAE": 0.3756728172302246,
        "RMSE": 0.4636775255203247,
        "SNR": -0.29787445068359375,
        "snr_in_db": 4.0,
        "n_samples": 500
      },
      "8dB": {
        "MSE": 0.4675604999065399,
        "MAE": 0.5159260630607605,
        "RMSE": 0.6837839484214783,
        "SNR": -0.5333042144775391,
        "snr_in_db": 8.0,
        "n_samples": 500
      },
      "12dB": {
        "MSE": 0.7439185976982117,
        "MAE": 0.5851724743843079,
        "RMSE": 0.862507164478302,
        "SNR": -0.5056861639022827,
        "snr_in_db": 12.0,
        "n_samples": 500
      },
      "16dB": {
        "MSE": 1.1338516473770142,
        "MAE": 0.6547685265541077,
        "RMSE": 1.0648247003555298,
        "SNR": -0.3732950985431671,
        "snr_in_db": 16.0,
        "n_samples": 500
      },
      "18dB": {
        "MSE": 1.0773557424545288,
        "MAE": 0.6328742504119873,
        "RMSE": 1.0379574298858643,
        "SNR": -0.40003401041030884,
        "snr_in_db": 18.0,
        "n_samples": 500
      }
    },
    "Wavelet_non_gaussian": {
      "0dB": {
        "MSE": 0.17737790327455705,
        "MAE": 0.3425643330916736,
        "RMSE": 0.4211625615775422,
        "SNR": -2.1348794941606988,
        "snr_in_db": 0.0,
        "n_samples": 500
      },
      "4dB": {
        "MSE": 0.34226094012272423,
        "MAE": 0.4739412384398402,
        "RMSE": 0.585030717247158,
        "SNR": -2.3171271151585078,
        "snr_in_db": 4.0,
        "n_samples": 500
      },
      "8dB": {
        "MSE": 0.6223762316513626,
        "MAE": 0.6118190089362726,
        "RMSE": 0.7889082529999053,
        "SNR": -1.775456260498658,
        "snr_in_db": 8.0,
        "n_samples": 500
      },
      "12dB": {
        "MSE": 0.9038857238352805,
        "MAE": 0.6808582663973752,
        "RMSE": 0.95072904859128,
        "SNR": -1.3515672738699287,
        "snr_in_db": 12.0,
        "n_samples": 500
      },
      "16dB": {
        "MSE": 1.2977945232343844,
        "MAE": 0.7483686658742844,
        "RMSE": 1.1392078490049058,
        "SNR": -0.9597918903854396,
        "snr_in_db": 16.0,
        "n_samples": 500
      },
      "18dB": {
        "MSE": 1.2409290071689612,
        "MAE": 0.7301667047098978,
        "RMSE": 1.1139699309985711,
        "SNR": -1.0139122974269006,
        "snr_in_db": 18.0,
        "n_samples": 500
      }
    }
  }
}