{
  "b1_run": "data_generation/datasets/fpv_telemetry_polygauss_qpsk_bs1024_n100000_953c56e8/runs/run_20260422_1023e287",
  "real_dataset": "data_generation/datasets/radioml2018_bpsk_qpsk_fpv",
  "test_noise": "non_gaussian",
  "nperseg": 128,
  "timestamp": "20260424_204844",
  "results": {
    "HybridDSGE_UNet_robust_S3_vA_non_gaussian": {
      "0dB": {
        "MSE": 0.10855783522129059,
        "MAE": 0.2710929214954376,
        "RMSE": 0.3294811546802521,
        "SNR": -0.0024961247108876705,
        "snr_in_db": 0.0,
        "n_samples": 500
      },
      "4dB": {
        "MSE": 0.20086370408535004,
        "MAE": 0.362335205078125,
        "RMSE": 0.4481782019138336,
        "SNR": -0.0025683885905891657,
        "snr_in_db": 4.0,
        "n_samples": 500
      },
      "8dB": {
        "MSE": 0.41370075941085815,
        "MAE": 0.4784756600856781,
        "RMSE": 0.6431957483291626,
        "SNR": -0.0017893478507176042,
        "snr_in_db": 8.0,
        "n_samples": 500
      },
      "12dB": {
        "MSE": 0.6622514724731445,
        "MAE": 0.5279524326324463,
        "RMSE": 0.8137883543968201,
        "SNR": -0.0006611779681406915,
        "snr_in_db": 12.0,
        "n_samples": 500
      },
      "16dB": {
        "MSE": 1.0405176877975464,
        "MAE": 0.5954301357269287,
        "RMSE": 1.0200576782226562,
        "SNR": -0.0002272847486892715,
        "snr_in_db": 16.0,
        "n_samples": 500
      },
      "18dB": {
        "MSE": 0.9825617074966431,
        "MAE": 0.5705143213272095,
        "RMSE": 0.991242527961731,
        "SNR": -4.1158884414471686e-05,
        "snr_in_db": 18.0,
        "n_samples": 500
      }
    },
    "ResNetAutoencoder_non_gaussian": {
      "0dB": {
        "MSE": 0.11012495309114456,
        "MAE": 0.27343350648880005,
        "RMSE": 0.3318507969379425,
        "SNR": -0.0647418349981308,
        "snr_in_db": 0.0,
        "n_samples": 500
      },
      "4dB": {
        "MSE": 0.2392444610595703,
        "MAE": 0.3954930603504181,
        "RMSE": 0.4891262352466583,
        "SNR": -0.7619726061820984,
        "snr_in_db": 4.0,
        "n_samples": 500
      },
      "8dB": {
        "MSE": 0.5250469446182251,
        "MAE": 0.5526815056800842,
        "RMSE": 0.7246012091636658,
        "SNR": -1.0369075536727905,
        "snr_in_db": 8.0,
        "n_samples": 500
      },
      "12dB": {
        "MSE": 0.8038091659545898,
        "MAE": 0.6212916374206543,
        "RMSE": 0.8965540528297424,
        "SNR": -0.8419614434242249,
        "snr_in_db": 12.0,
        "n_samples": 500
      },
      "16dB": {
        "MSE": 1.193869709968567,
        "MAE": 0.6891011595726013,
        "RMSE": 1.0926434993743896,
        "SNR": -0.5973019599914551,
        "snr_in_db": 16.0,
        "n_samples": 500
      },
      "18dB": {
        "MSE": 1.136301875114441,
        "MAE": 0.668222188949585,
        "RMSE": 1.0659745931625366,
        "SNR": -0.631380021572113,
        "snr_in_db": 18.0,
        "n_samples": 500
      }
    },
    "UnetAutoencoder_non_gaussian": {
      "0dB": {
        "MSE": 0.10986748337745667,
        "MAE": 0.2729796767234802,
        "RMSE": 0.33146265149116516,
        "SNR": -0.05457621440291405,
        "snr_in_db": 0.0,
        "n_samples": 500
      },
      "4dB": {
        "MSE": 0.2093782126903534,
        "MAE": 0.3703935146331787,
        "RMSE": 0.4575786292552948,
        "SNR": -0.18286870419979095,
        "snr_in_db": 4.0,
        "n_samples": 500
      },
      "8dB": {
        "MSE": 0.44619208574295044,
        "MAE": 0.5011255145072937,
        "RMSE": 0.6679761409759521,
        "SNR": -0.3301447331905365,
        "snr_in_db": 8.0,
        "n_samples": 500
      },
      "12dB": {
        "MSE": 0.6954349875450134,
        "MAE": 0.5521515011787415,
        "RMSE": 0.8339274525642395,
        "SNR": -0.2129974663257599,
        "snr_in_db": 12.0,
        "n_samples": 500
      },
      "16dB": {
        "MSE": 1.0755635499954224,
        "MAE": 0.6185184121131897,
        "RMSE": 1.0370937585830688,
        "SNR": -0.14409349858760834,
        "snr_in_db": 16.0,
        "n_samples": 500
      },
      "18dB": {
        "MSE": 1.0173070430755615,
        "MAE": 0.5942660570144653,
        "RMSE": 1.0086164474487305,
        "SNR": -0.1509632170200348,
        "snr_in_db": 18.0,
        "n_samples": 500
      }
    },
    "Wavelet_non_gaussian": {
      "0dB": {
        "MSE": 0.17737790327455705,
        "MAE": 0.3425643330916736,
        "RMSE": 0.4211625615775422,
        "SNR": -2.1348794941606988,
        "snr_in_db": 0.0,
        "n_samples": 500
      },
      "4dB": {
        "MSE": 0.34226094012272423,
        "MAE": 0.4739412384398402,
        "RMSE": 0.585030717247158,
        "SNR": -2.3171271151585078,
        "snr_in_db": 4.0,
        "n_samples": 500
      },
      "8dB": {
        "MSE": 0.6223762316513626,
        "MAE": 0.6118190089362726,
        "RMSE": 0.7889082529999053,
        "SNR": -1.775456260498658,
        "snr_in_db": 8.0,
        "n_samples": 500
      },
      "12dB": {
        "MSE": 0.9038857238352805,
        "MAE": 0.6808582663973752,
        "RMSE": 0.95072904859128,
        "SNR": -1.3515672738699287,
        "snr_in_db": 12.0,
        "n_samples": 500
      },
      "16dB": {
        "MSE": 1.2977945232343844,
        "MAE": 0.7483686658742844,
        "RMSE": 1.1392078490049058,
        "SNR": -0.9597918903854396,
        "snr_in_db": 16.0,
        "n_samples": 500
      },
      "18dB": {
        "MSE": 1.2409290071689612,
        "MAE": 0.7301667047098978,
        "RMSE": 1.1139699309985711,
        "SNR": -1.0139122974269006,
        "snr_in_db": 18.0,
        "n_samples": 500
      }
    }
  }
}