{
  "b1_run": "data_generation/datasets/fpv_telemetry_polygauss_qpsk_bs1024_n100000_953c56e8/runs/run_20260421_fe4d376a",
  "real_dataset": "data_generation/datasets/radioml2018_bpsk_qpsk_fpv",
  "test_noise": "non_gaussian",
  "nperseg": 128,
  "timestamp": "20260424_204832",
  "results": {
    "HybridDSGE_UNet_robust_S3_vA_gaussian": {
      "0dB": {
        "MSE": 0.1193256750702858,
        "MAE": 0.28412744402885437,
        "RMSE": 0.3454355001449585,
        "SNR": -0.4132234752178192,
        "snr_in_db": 0.0,
        "n_samples": 500
      },
      "4dB": {
        "MSE": 0.2234947383403778,
        "MAE": 0.38202032446861267,
        "RMSE": 0.47275230288505554,
        "SNR": -0.4662266671657562,
        "snr_in_db": 4.0,
        "n_samples": 500
      },
      "8dB": {
        "MSE": 0.4494393467903137,
        "MAE": 0.5025297403335571,
        "RMSE": 0.6704023480415344,
        "SNR": -0.3616374433040619,
        "snr_in_db": 8.0,
        "n_samples": 500
      },
      "12dB": {
        "MSE": 0.7016168832778931,
        "MAE": 0.5556541681289673,
        "RMSE": 0.8376257419586182,
        "SNR": -0.2514324188232422,
        "snr_in_db": 12.0,
        "n_samples": 500
      },
      "16dB": {
        "MSE": 1.0855512619018555,
        "MAE": 0.6242083311080933,
        "RMSE": 1.0418978929519653,
        "SNR": -0.18423588573932648,
        "snr_in_db": 16.0,
        "n_samples": 500
      },
      "18dB": {
        "MSE": 1.0274693965911865,
        "MAE": 0.6005735397338867,
        "RMSE": 1.013641595840454,
        "SNR": -0.19413171708583832,
        "snr_in_db": 18.0,
        "n_samples": 500
      }
    },
    "ResNetAutoencoder_gaussian": {
      "0dB": {
        "MSE": 0.11035997420549393,
        "MAE": 0.27358245849609375,
        "RMSE": 0.3322047293186188,
        "SNR": -0.07400040328502655,
        "snr_in_db": 0.0,
        "n_samples": 500
      },
      "4dB": {
        "MSE": 0.2072736918926239,
        "MAE": 0.36825814843177795,
        "RMSE": 0.45527321100234985,
        "SNR": -0.13899564743041992,
        "snr_in_db": 4.0,
        "n_samples": 500
      },
      "8dB": {
        "MSE": 0.4467431902885437,
        "MAE": 0.5022927522659302,
        "RMSE": 0.6683884859085083,
        "SNR": -0.3355056345462799,
        "snr_in_db": 8.0,
        "n_samples": 500
      },
      "12dB": {
        "MSE": 0.7161898612976074,
        "MAE": 0.5670250058174133,
        "RMSE": 0.846280038356781,
        "SNR": -0.34071388840675354,
        "snr_in_db": 12.0,
        "n_samples": 500
      },
      "16dB": {
        "MSE": 1.105322003364563,
        "MAE": 0.6374087929725647,
        "RMSE": 1.0513429641723633,
        "SNR": -0.26262080669403076,
        "snr_in_db": 16.0,
        "n_samples": 500
      },
      "18dB": {
        "MSE": 1.0482354164123535,
        "MAE": 0.6146114468574524,
        "RMSE": 1.0238336324691772,
        "SNR": -0.28103142976760864,
        "snr_in_db": 18.0,
        "n_samples": 500
      }
    },
    "UnetAutoencoder_gaussian": {
      "0dB": {
        "MSE": 0.11369095742702484,
        "MAE": 0.2777523100376129,
        "RMSE": 0.33718088269233704,
        "SNR": -0.20314350724220276,
        "snr_in_db": 0.0,
        "n_samples": 500
      },
      "4dB": {
        "MSE": 0.22440460324287415,
        "MAE": 0.3833116590976715,
        "RMSE": 0.47371363639831543,
        "SNR": -0.4838712215423584,
        "snr_in_db": 4.0,
        "n_samples": 500
      },
      "8dB": {
        "MSE": 0.4788026511669159,
        "MAE": 0.5230332016944885,
        "RMSE": 0.6919556856155396,
        "SNR": -0.6364917159080505,
        "snr_in_db": 8.0,
        "n_samples": 500
      },
      "12dB": {
        "MSE": 0.7500536441802979,
        "MAE": 0.5887205004692078,
        "RMSE": 0.8660563826560974,
        "SNR": -0.5413554310798645,
        "snr_in_db": 12.0,
        "n_samples": 500
      },
      "16dB": {
        "MSE": 1.1381208896636963,
        "MAE": 0.6578143239021301,
        "RMSE": 1.0668275356292725,
        "SNR": -0.38961637020111084,
        "snr_in_db": 16.0,
        "n_samples": 500
      },
      "18dB": {
        "MSE": 1.0820653438568115,
        "MAE": 0.6358933448791504,
        "RMSE": 1.0402237176895142,
        "SNR": -0.41897761821746826,
        "snr_in_db": 18.0,
        "n_samples": 500
      }
    },
    "Wavelet_gaussian": {
      "0dB": {
        "MSE": 0.17737790327455705,
        "MAE": 0.3425643330916736,
        "RMSE": 0.4211625615775422,
        "SNR": -2.1348794941606988,
        "snr_in_db": 0.0,
        "n_samples": 500
      },
      "4dB": {
        "MSE": 0.34226094012272423,
        "MAE": 0.4739412384398402,
        "RMSE": 0.585030717247158,
        "SNR": -2.3171271151585078,
        "snr_in_db": 4.0,
        "n_samples": 500
      },
      "8dB": {
        "MSE": 0.6223762316513626,
        "MAE": 0.6118190089362726,
        "RMSE": 0.7889082529999053,
        "SNR": -1.775456260498658,
        "snr_in_db": 8.0,
        "n_samples": 500
      },
      "12dB": {
        "MSE": 0.9038857238352805,
        "MAE": 0.6808582663973752,
        "RMSE": 0.95072904859128,
        "SNR": -1.3515672738699287,
        "snr_in_db": 12.0,
        "n_samples": 500
      },
      "16dB": {
        "MSE": 1.2977945232343844,
        "MAE": 0.7483686658742844,
        "RMSE": 1.1392078490049058,
        "SNR": -0.9597918903854396,
        "snr_in_db": 16.0,
        "n_samples": 500
      },
      "18dB": {
        "MSE": 1.2409290071689612,
        "MAE": 0.7301667047098978,
        "RMSE": 1.1139699309985711,
        "SNR": -1.0139122974269006,
        "snr_in_db": 18.0,
        "n_samples": 500
      }
    }
  }
}