{
  "b1_run": "data_generation/datasets/fpv_telemetry_polygauss_qpsk_bs1024_n100000_953c56e8/runs/run_20260422_3d92fb74",
  "real_dataset": "data_generation/datasets/radioml2018_bpsk_qpsk_fpv",
  "test_noise": "non_gaussian",
  "nperseg": 128,
  "timestamp": "20260424_204840",
  "results": {
    "HybridDSGE_UNet_robust_S3_vA_gaussian": {
      "0dB": {
        "MSE": 0.12223067134618759,
        "MAE": 0.2872577905654907,
        "RMSE": 0.34961503744125366,
        "SNR": -0.5176864862442017,
        "snr_in_db": 0.0,
        "n_samples": 500
      },
      "4dB": {
        "MSE": 0.22331175208091736,
        "MAE": 0.38172733783721924,
        "RMSE": 0.47255873680114746,
        "SNR": -0.4626694917678833,
        "snr_in_db": 4.0,
        "n_samples": 500
      },
      "8dB": {
        "MSE": 0.4477216899394989,
        "MAE": 0.5015413761138916,
        "RMSE": 0.6691200733184814,
        "SNR": -0.34500762820243835,
        "snr_in_db": 8.0,
        "n_samples": 500
      },
      "12dB": {
        "MSE": 0.6993537545204163,
        "MAE": 0.5543895959854126,
        "RMSE": 0.836273729801178,
        "SNR": -0.23740112781524658,
        "snr_in_db": 12.0,
        "n_samples": 500
      },
      "16dB": {
        "MSE": 1.0821512937545776,
        "MAE": 0.6224744319915771,
        "RMSE": 1.0402649641036987,
        "SNR": -0.170612171292305,
        "snr_in_db": 16.0,
        "n_samples": 500
      },
      "18dB": {
        "MSE": 1.024231195449829,
        "MAE": 0.5987920165061951,
        "RMSE": 1.0120431184768677,
        "SNR": -0.18042297661304474,
        "snr_in_db": 18.0,
        "n_samples": 500
      }
    },
    "ResNetAutoencoder_gaussian": {
      "0dB": {
        "MSE": 0.11045584082603455,
        "MAE": 0.2738022208213806,
        "RMSE": 0.3323489725589752,
        "SNR": -0.07777130603790283,
        "snr_in_db": 0.0,
        "n_samples": 500
      },
      "4dB": {
        "MSE": 0.22945575416088104,
        "MAE": 0.38736504316329956,
        "RMSE": 0.47901540994644165,
        "SNR": -0.5805431604385376,
        "snr_in_db": 4.0,
        "n_samples": 500
      },
      "8dB": {
        "MSE": 0.4978824555873871,
        "MAE": 0.5352275371551514,
        "RMSE": 0.7056078910827637,
        "SNR": -0.8061944246292114,
        "snr_in_db": 8.0,
        "n_samples": 500
      },
      "12dB": {
        "MSE": 0.7746694684028625,
        "MAE": 0.603429913520813,
        "RMSE": 0.8801531195640564,
        "SNR": -0.6815966367721558,
        "snr_in_db": 12.0,
        "n_samples": 500
      },
      "16dB": {
        "MSE": 1.1657830476760864,
        "MAE": 0.6731658577919006,
        "RMSE": 1.079714298248291,
        "SNR": -0.493910014629364,
        "snr_in_db": 16.0,
        "n_samples": 500
      },
      "18dB": {
        "MSE": 1.109966516494751,
        "MAE": 0.6523975133895874,
        "RMSE": 1.0535495281219482,
        "SNR": -0.5295419692993164,
        "snr_in_db": 18.0,
        "n_samples": 500
      }
    },
    "UnetAutoencoder_gaussian": {
      "0dB": {
        "MSE": 0.11002211272716522,
        "MAE": 0.27314162254333496,
        "RMSE": 0.3316958248615265,
        "SNR": -0.06068401783704758,
        "snr_in_db": 0.0,
        "n_samples": 500
      },
      "4dB": {
        "MSE": 0.21572571992874146,
        "MAE": 0.37589511275291443,
        "RMSE": 0.4644628167152405,
        "SNR": -0.3125731945037842,
        "snr_in_db": 4.0,
        "n_samples": 500
      },
      "8dB": {
        "MSE": 0.4681805372238159,
        "MAE": 0.5162208676338196,
        "RMSE": 0.6842371821403503,
        "SNR": -0.5390597581863403,
        "snr_in_db": 8.0,
        "n_samples": 500
      },
      "12dB": {
        "MSE": 0.743080735206604,
        "MAE": 0.5846512317657471,
        "RMSE": 0.8620213270187378,
        "SNR": -0.5007919669151306,
        "snr_in_db": 12.0,
        "n_samples": 500
      },
      "16dB": {
        "MSE": 1.1333582401275635,
        "MAE": 0.6545311808586121,
        "RMSE": 1.064592957496643,
        "SNR": -0.37140464782714844,
        "snr_in_db": 16.0,
        "n_samples": 500
      },
      "18dB": {
        "MSE": 1.0765334367752075,
        "MAE": 0.6324592232704163,
        "RMSE": 1.037561297416687,
        "SNR": -0.3967180848121643,
        "snr_in_db": 18.0,
        "n_samples": 500
      }
    },
    "Wavelet_gaussian": {
      "0dB": {
        "MSE": 0.17737790327455705,
        "MAE": 0.3425643330916736,
        "RMSE": 0.4211625615775422,
        "SNR": -2.1348794941606988,
        "snr_in_db": 0.0,
        "n_samples": 500
      },
      "4dB": {
        "MSE": 0.34226094012272423,
        "MAE": 0.4739412384398402,
        "RMSE": 0.585030717247158,
        "SNR": -2.3171271151585078,
        "snr_in_db": 4.0,
        "n_samples": 500
      },
      "8dB": {
        "MSE": 0.6223762316513626,
        "MAE": 0.6118190089362726,
        "RMSE": 0.7889082529999053,
        "SNR": -1.775456260498658,
        "snr_in_db": 8.0,
        "n_samples": 500
      },
      "12dB": {
        "MSE": 0.9038857238352805,
        "MAE": 0.6808582663973752,
        "RMSE": 0.95072904859128,
        "SNR": -1.3515672738699287,
        "snr_in_db": 12.0,
        "n_samples": 500
      },
      "16dB": {
        "MSE": 1.2977945232343844,
        "MAE": 0.7483686658742844,
        "RMSE": 1.1392078490049058,
        "SNR": -0.9597918903854396,
        "snr_in_db": 16.0,
        "n_samples": 500
      },
      "18dB": {
        "MSE": 1.2409290071689612,
        "MAE": 0.7301667047098978,
        "RMSE": 1.1139699309985711,
        "SNR": -1.0139122974269006,
        "snr_in_db": 18.0,
        "n_samples": 500
      }
    }
  }
}