{
  "b1_run": "data_generation/datasets/deep_space_polygauss_qpsk_bs1024_n400000_0310b7e7/runs/run_20260423_2b4b99cc",
  "real_dataset": "data_generation/datasets/radioml2018_bpsk_qpsk_deep_space",
  "test_noise": "non_gaussian",
  "nperseg": 128,
  "timestamp": "20260424_204855",
  "results": {
    "HybridDSGE_UNet_robust_S3_vA_gaussian": {
      "m20dB": {
        "MSE": 0.09414427727460861,
        "MAE": 0.2567279040813446,
        "RMSE": 0.30682939291000366,
        "SNR": -0.22704166173934937,
        "snr_in_db": -20.0,
        "n_samples": 500
      },
      "m16dB": {
        "MSE": 0.09227479994297028,
        "MAE": 0.25327953696250916,
        "RMSE": 0.30376768112182617,
        "SNR": -0.2294597178697586,
        "snr_in_db": -16.0,
        "n_samples": 500
      },
      "m12dB": {
        "MSE": 0.0914551168680191,
        "MAE": 0.2514253258705139,
        "RMSE": 0.3024154603481293,
        "SNR": -0.23515760898590088,
        "snr_in_db": -12.0,
        "n_samples": 500
      },
      "m8dB": {
        "MSE": 0.09190069884061813,
        "MAE": 0.25343915820121765,
        "RMSE": 0.30315127968788147,
        "SNR": -0.2283584326505661,
        "snr_in_db": -8.0,
        "n_samples": 500
      },
      "m4dB": {
        "MSE": 0.09374875575304031,
        "MAE": 0.2546588182449341,
        "RMSE": 0.30618417263031006,
        "SNR": -0.22054681181907654,
        "snr_in_db": -4.0,
        "n_samples": 500
      },
      "0dB": {
        "MSE": 0.11766330152750015,
        "MAE": 0.284682035446167,
        "RMSE": 0.34302085638046265,
        "SNR": -0.1589859127998352,
        "snr_in_db": 0.0,
        "n_samples": 500
      }
    },
    "ResNetAutoencoder_gaussian": {
      "m20dB": {
        "MSE": 0.09894157201051712,
        "MAE": 0.26197734475135803,
        "RMSE": 0.3145498037338257,
        "SNR": -0.44289058446884155,
        "snr_in_db": -20.0,
        "n_samples": 500
      },
      "m16dB": {
        "MSE": 0.0971454381942749,
        "MAE": 0.25865405797958374,
        "RMSE": 0.3116816282272339,
        "SNR": -0.4528525471687317,
        "snr_in_db": -16.0,
        "n_samples": 500
      },
      "m12dB": {
        "MSE": 0.0965203121304512,
        "MAE": 0.25727030634880066,
        "RMSE": 0.310677170753479,
        "SNR": -0.4692647159099579,
        "snr_in_db": -12.0,
        "n_samples": 500
      },
      "m8dB": {
        "MSE": 0.09770279377698898,
        "MAE": 0.26008787751197815,
        "RMSE": 0.31257447600364685,
        "SNR": -0.4942403733730316,
        "snr_in_db": -8.0,
        "n_samples": 500
      },
      "m4dB": {
        "MSE": 0.10540257394313812,
        "MAE": 0.2674980163574219,
        "RMSE": 0.3246576189994812,
        "SNR": -0.7294037342071533,
        "snr_in_db": -4.0,
        "n_samples": 500
      },
      "0dB": {
        "MSE": 0.15055711567401886,
        "MAE": 0.3178887963294983,
        "RMSE": 0.3880169093608856,
        "SNR": -1.2295887470245361,
        "snr_in_db": 0.0,
        "n_samples": 500
      }
    },
    "UnetAutoencoder_gaussian": {
      "m20dB": {
        "MSE": 0.10489203780889511,
        "MAE": 0.2683265805244446,
        "RMSE": 0.32387039065361023,
        "SNR": -0.6965274810791016,
        "snr_in_db": -20.0,
        "n_samples": 500
      },
      "m16dB": {
        "MSE": 0.1031060442328453,
        "MAE": 0.265284925699234,
        "RMSE": 0.3211013078689575,
        "SNR": -0.7114696502685547,
        "snr_in_db": -16.0,
        "n_samples": 500
      },
      "m12dB": {
        "MSE": 0.1023433730006218,
        "MAE": 0.26386624574661255,
        "RMSE": 0.31991150975227356,
        "SNR": -0.7236748337745667,
        "snr_in_db": -12.0,
        "n_samples": 500
      },
      "m8dB": {
        "MSE": 0.10344018787145615,
        "MAE": 0.26629385352134705,
        "RMSE": 0.3216211795806885,
        "SNR": -0.7420632839202881,
        "snr_in_db": -8.0,
        "n_samples": 500
      },
      "m4dB": {
        "MSE": 0.10952548682689667,
        "MAE": 0.27205657958984375,
        "RMSE": 0.3309463560581207,
        "SNR": -0.8960436582565308,
        "snr_in_db": -4.0,
        "n_samples": 500
      },
      "0dB": {
        "MSE": 0.14980505406856537,
        "MAE": 0.3170357048511505,
        "RMSE": 0.38704657554626465,
        "SNR": -1.2078403234481812,
        "snr_in_db": 0.0,
        "n_samples": 500
      }
    },
    "Wavelet_gaussian": {
      "m20dB": {
        "MSE": 0.0949535582964046,
        "MAE": 0.2575496554576253,
        "RMSE": 0.30814535254714553,
        "SNR": -0.26421478523485115,
        "snr_in_db": -20.0,
        "n_samples": 500
      },
      "m16dB": {
        "MSE": 0.09293457607312695,
        "MAE": 0.25371746663414485,
        "RMSE": 0.3048517280140084,
        "SNR": -0.2604016030349723,
        "snr_in_db": -16.0,
        "n_samples": 500
      },
      "m12dB": {
        "MSE": 0.09273032312505447,
        "MAE": 0.2529301261196051,
        "RMSE": 0.3045165399860153,
        "SNR": -0.2952953004203168,
        "snr_in_db": -12.0,
        "n_samples": 500
      },
      "m8dB": {
        "MSE": 0.09366423681847022,
        "MAE": 0.25540612700782594,
        "RMSE": 0.30604613511441414,
        "SNR": -0.3109084439297878,
        "snr_in_db": -8.0,
        "n_samples": 500
      },
      "m4dB": {
        "MSE": 0.10161384888522672,
        "MAE": 0.26344235306912644,
        "RMSE": 0.31876927217852524,
        "SNR": -0.5704207231807048,
        "snr_in_db": -4.0,
        "n_samples": 500
      },
      "0dB": {
        "MSE": 0.15066360538577853,
        "MAE": 0.31757559313244493,
        "RMSE": 0.38815410005019724,
        "SNR": -1.2326593423843915,
        "snr_in_db": 0.0,
        "n_samples": 500
      }
    }
  }
}