{
  "b1_run": "data_generation/datasets/fpv_telemetry_polygauss_qpsk_bs1024_n100000_953c56e8/runs/run_20260421_92a2e0c4",
  "real_dataset": "data_generation/datasets/radioml2018_bpsk_qpsk_fpv",
  "test_noise": "non_gaussian",
  "nperseg": 128,
  "timestamp": "20260424_204829",
  "results": {
    "HybridDSGE_UNet_robust_S3_vA_non_gaussian": {
      "0dB": {
        "MSE": 0.10853907465934753,
        "MAE": 0.27106815576553345,
        "RMSE": 0.3294526934623718,
        "SNR": -0.0017455826746299863,
        "snr_in_db": 0.0,
        "n_samples": 500
      },
      "4dB": {
        "MSE": 0.2008458822965622,
        "MAE": 0.3623228073120117,
        "RMSE": 0.448158323764801,
        "SNR": -0.002183253411203623,
        "snr_in_db": 4.0,
        "n_samples": 500
      },
      "8dB": {
        "MSE": 0.4136772155761719,
        "MAE": 0.4784608483314514,
        "RMSE": 0.6431774497032166,
        "SNR": -0.0015423009172081947,
        "snr_in_db": 8.0,
        "n_samples": 500
      },
      "12dB": {
        "MSE": 0.6622275710105896,
        "MAE": 0.5279374718666077,
        "RMSE": 0.8137736320495605,
        "SNR": -0.0005048057064414024,
        "snr_in_db": 12.0,
        "n_samples": 500
      },
      "16dB": {
        "MSE": 1.0405020713806152,
        "MAE": 0.5954240560531616,
        "RMSE": 1.020050048828125,
        "SNR": -0.00016204918210860342,
        "snr_in_db": 16.0,
        "n_samples": 500
      },
      "18dB": {
        "MSE": 0.9825562238693237,
        "MAE": 0.5705116987228394,
        "RMSE": 0.9912397265434265,
        "SNR": -1.708477248030249e-05,
        "snr_in_db": 18.0,
        "n_samples": 500
      }
    },
    "ResNetAutoencoder_non_gaussian": {
      "0dB": {
        "MSE": 0.10904059559106827,
        "MAE": 0.2718396782875061,
        "RMSE": 0.33021295070648193,
        "SNR": -0.021766571328043938,
        "snr_in_db": 0.0,
        "n_samples": 500
      },
      "4dB": {
        "MSE": 0.214848130941391,
        "MAE": 0.3752501308917999,
        "RMSE": 0.46351712942123413,
        "SNR": -0.29486942291259766,
        "snr_in_db": 4.0,
        "n_samples": 500
      },
      "8dB": {
        "MSE": 0.48553526401519775,
        "MAE": 0.5275850296020508,
        "RMSE": 0.696803629398346,
        "SNR": -0.6971340775489807,
        "snr_in_db": 8.0,
        "n_samples": 500
      },
      "12dB": {
        "MSE": 0.7741581201553345,
        "MAE": 0.6042375564575195,
        "RMSE": 0.8798625469207764,
        "SNR": -0.6787289381027222,
        "snr_in_db": 12.0,
        "n_samples": 500
      },
      "16dB": {
        "MSE": 1.1712992191314697,
        "MAE": 0.6762349605560303,
        "RMSE": 1.0822657346725464,
        "SNR": -0.5144109725952148,
        "snr_in_db": 16.0,
        "n_samples": 500
      },
      "18dB": {
        "MSE": 1.1127829551696777,
        "MAE": 0.6547092199325562,
        "RMSE": 1.0548852682113647,
        "SNR": -0.5405476689338684,
        "snr_in_db": 18.0,
        "n_samples": 500
      }
    },
    "UnetAutoencoder_non_gaussian": {
      "0dB": {
        "MSE": 0.10871858149766922,
        "MAE": 0.2713419795036316,
        "RMSE": 0.3297249972820282,
        "SNR": -0.008922215551137924,
        "snr_in_db": 0.0,
        "n_samples": 500
      },
      "4dB": {
        "MSE": 0.20385953783988953,
        "MAE": 0.3653554916381836,
        "RMSE": 0.4515080749988556,
        "SNR": -0.06686429679393768,
        "snr_in_db": 4.0,
        "n_samples": 500
      },
      "8dB": {
        "MSE": 0.438131183385849,
        "MAE": 0.49642080068588257,
        "RMSE": 0.6619147658348083,
        "SNR": -0.2509680986404419,
        "snr_in_db": 8.0,
        "n_samples": 500
      },
      "12dB": {
        "MSE": 0.7086055874824524,
        "MAE": 0.5625380277633667,
        "RMSE": 0.8417871594429016,
        "SNR": -0.2944776713848114,
        "snr_in_db": 12.0,
        "n_samples": 500
      },
      "16dB": {
        "MSE": 1.0961343050003052,
        "MAE": 0.6319552659988403,
        "RMSE": 1.0469642877578735,
        "SNR": -0.2263701856136322,
        "snr_in_db": 16.0,
        "n_samples": 500
      },
      "18dB": {
        "MSE": 1.0399656295776367,
        "MAE": 0.6094716787338257,
        "RMSE": 1.019787073135376,
        "SNR": -0.24663256108760834,
        "snr_in_db": 18.0,
        "n_samples": 500
      }
    },
    "Wavelet_non_gaussian": {
      "0dB": {
        "MSE": 0.17737790327455705,
        "MAE": 0.3425643330916736,
        "RMSE": 0.4211625615775422,
        "SNR": -2.1348794941606988,
        "snr_in_db": 0.0,
        "n_samples": 500
      },
      "4dB": {
        "MSE": 0.34226094012272423,
        "MAE": 0.4739412384398402,
        "RMSE": 0.585030717247158,
        "SNR": -2.3171271151585078,
        "snr_in_db": 4.0,
        "n_samples": 500
      },
      "8dB": {
        "MSE": 0.6223762316513626,
        "MAE": 0.6118190089362726,
        "RMSE": 0.7889082529999053,
        "SNR": -1.775456260498658,
        "snr_in_db": 8.0,
        "n_samples": 500
      },
      "12dB": {
        "MSE": 0.9038857238352805,
        "MAE": 0.6808582663973752,
        "RMSE": 0.95072904859128,
        "SNR": -1.3515672738699287,
        "snr_in_db": 12.0,
        "n_samples": 500
      },
      "16dB": {
        "MSE": 1.2977945232343844,
        "MAE": 0.7483686658742844,
        "RMSE": 1.1392078490049058,
        "SNR": -0.9597918903854396,
        "snr_in_db": 16.0,
        "n_samples": 500
      },
      "18dB": {
        "MSE": 1.2409290071689612,
        "MAE": 0.7301667047098978,
        "RMSE": 1.1139699309985711,
        "SNR": -1.0139122974269006,
        "snr_in_db": 18.0,
        "n_samples": 500
      }
    }
  }
}