{
  "b1_run": "data_generation/datasets/deep_space_polygauss_qpsk_bs1024_n400000_0310b7e7/runs/run_20260424_20fc5edf",
  "real_dataset": "data_generation/datasets/radioml2018_bpsk_qpsk_deep_space",
  "test_noise": "non_gaussian",
  "nperseg": 128,
  "timestamp": "20260424_204859",
  "results": {
    "HybridDSGE_UNet_robust_S3_vA_non_gaussian": {
      "m20dB": {
        "MSE": 0.08967216312885284,
        "MAE": 0.2515124976634979,
        "RMSE": 0.29945310950279236,
        "SNR": -0.015678925439715385,
        "snr_in_db": -20.0,
        "n_samples": 500
      },
      "m16dB": {
        "MSE": 0.08782604336738586,
        "MAE": 0.24789194762706757,
        "RMSE": 0.29635459184646606,
        "SNR": -0.014861423522233963,
        "snr_in_db": -16.0,
        "n_samples": 500
      },
      "m12dB": {
        "MSE": 0.08695684373378754,
        "MAE": 0.24582771956920624,
        "RMSE": 0.29488447308540344,
        "SNR": -0.01611514389514923,
        "snr_in_db": -12.0,
        "n_samples": 500
      },
      "m8dB": {
        "MSE": 0.08748097717761993,
        "MAE": 0.2480640858411789,
        "RMSE": 0.29577183723449707,
        "SNR": -0.014306899160146713,
        "snr_in_db": -8.0,
        "n_samples": 500
      },
      "m4dB": {
        "MSE": 0.08940504491329193,
        "MAE": 0.2491626739501953,
        "RMSE": 0.29900676012039185,
        "SNR": -0.014511818066239357,
        "snr_in_db": -4.0,
        "n_samples": 500
      },
      "0dB": {
        "MSE": 0.11384753882884979,
        "MAE": 0.2803787589073181,
        "RMSE": 0.3374130129814148,
        "SNR": -0.01581246219575405,
        "snr_in_db": 0.0,
        "n_samples": 500
      }
    },
    "ResNetAutoencoder_non_gaussian": {
      "m20dB": {
        "MSE": 0.09767709672451019,
        "MAE": 0.26060861349105835,
        "RMSE": 0.31253334879875183,
        "SNR": -0.3870296776294708,
        "snr_in_db": -20.0,
        "n_samples": 500
      },
      "m16dB": {
        "MSE": 0.09586083143949509,
        "MAE": 0.25718867778778076,
        "RMSE": 0.30961400270462036,
        "SNR": -0.39504024386405945,
        "snr_in_db": -16.0,
        "n_samples": 500
      },
      "m12dB": {
        "MSE": 0.09516959637403488,
        "MAE": 0.25572067499160767,
        "RMSE": 0.3084957003593445,
        "SNR": -0.4080598056316376,
        "snr_in_db": -12.0,
        "n_samples": 500
      },
      "m8dB": {
        "MSE": 0.09632492065429688,
        "MAE": 0.2585788071155548,
        "RMSE": 0.3103625774383545,
        "SNR": -0.4325571060180664,
        "snr_in_db": -8.0,
        "n_samples": 500
      },
      "m4dB": {
        "MSE": 0.1030309870839119,
        "MAE": 0.26492488384246826,
        "RMSE": 0.3209843933582306,
        "SNR": -0.6305703520774841,
        "snr_in_db": -4.0,
        "n_samples": 500
      },
      "0dB": {
        "MSE": 0.14440424740314484,
        "MAE": 0.3119809627532959,
        "RMSE": 0.3800055980682373,
        "SNR": -1.0483756065368652,
        "snr_in_db": 0.0,
        "n_samples": 500
      }
    },
    "UnetAutoencoder_non_gaussian": {
      "m20dB": {
        "MSE": 0.10245808959007263,
        "MAE": 0.2657141089439392,
        "RMSE": 0.32009074091911316,
        "SNR": -0.5945647954940796,
        "snr_in_db": -20.0,
        "n_samples": 500
      },
      "m16dB": {
        "MSE": 0.10061202943325043,
        "MAE": 0.2625082731246948,
        "RMSE": 0.31719398498535156,
        "SNR": -0.6051276326179504,
        "snr_in_db": -16.0,
        "n_samples": 500
      },
      "m12dB": {
        "MSE": 0.10007565468549728,
        "MAE": 0.2613459527492523,
        "RMSE": 0.3163473606109619,
        "SNR": -0.6263619661331177,
        "snr_in_db": -12.0,
        "n_samples": 500
      },
      "m8dB": {
        "MSE": 0.10130998492240906,
        "MAE": 0.26398488879203796,
        "RMSE": 0.3182922899723053,
        "SNR": -0.6516927480697632,
        "snr_in_db": -8.0,
        "n_samples": 500
      },
      "m4dB": {
        "MSE": 0.10930720716714859,
        "MAE": 0.27180323004722595,
        "RMSE": 0.33061641454696655,
        "SNR": -0.8873797059059143,
        "snr_in_db": -4.0,
        "n_samples": 500
      },
      "0dB": {
        "MSE": 0.1542186439037323,
        "MAE": 0.32144811749458313,
        "RMSE": 0.39270681142807007,
        "SNR": -1.3339446783065796,
        "snr_in_db": 0.0,
        "n_samples": 500
      }
    },
    "Wavelet_non_gaussian": {
      "m20dB": {
        "MSE": 0.0949535582964046,
        "MAE": 0.2575496554576253,
        "RMSE": 0.30814535254714553,
        "SNR": -0.26421478523485115,
        "snr_in_db": -20.0,
        "n_samples": 500
      },
      "m16dB": {
        "MSE": 0.09293457607312695,
        "MAE": 0.25371746663414485,
        "RMSE": 0.3048517280140084,
        "SNR": -0.2604016030349723,
        "snr_in_db": -16.0,
        "n_samples": 500
      },
      "m12dB": {
        "MSE": 0.09273032312505447,
        "MAE": 0.2529301261196051,
        "RMSE": 0.3045165399860153,
        "SNR": -0.2952953004203168,
        "snr_in_db": -12.0,
        "n_samples": 500
      },
      "m8dB": {
        "MSE": 0.09366423681847022,
        "MAE": 0.25540612700782594,
        "RMSE": 0.30604613511441414,
        "SNR": -0.3109084439297878,
        "snr_in_db": -8.0,
        "n_samples": 500
      },
      "m4dB": {
        "MSE": 0.10161384888522672,
        "MAE": 0.26344235306912644,
        "RMSE": 0.31876927217852524,
        "SNR": -0.5704207231807048,
        "snr_in_db": -4.0,
        "n_samples": 500
      },
      "0dB": {
        "MSE": 0.15066360538577853,
        "MAE": 0.31757559313244493,
        "RMSE": 0.38815410005019724,
        "SNR": -1.2326593423843915,
        "snr_in_db": 0.0,
        "n_samples": 500
      }
    }
  }
}