{
  "b1_run": "data_generation/datasets/deep_space_polygauss_qpsk_bs1024_n400000_0310b7e7/runs/run_20260423_ed46f843",
  "real_dataset": "data_generation/datasets/radioml2018_bpsk_qpsk_deep_space",
  "test_noise": "non_gaussian",
  "nperseg": 128,
  "timestamp": "20260424_204848",
  "results": {
    "HybridDSGE_UNet_robust_S3_vA_gaussian": {
      "m20dB": {
        "MSE": 0.10200903564691544,
        "MAE": 0.2653106153011322,
        "RMSE": 0.3193885385990143,
        "SNR": -0.5754885673522949,
        "snr_in_db": -20.0,
        "n_samples": 500
      },
      "m16dB": {
        "MSE": 0.10020732879638672,
        "MAE": 0.2621834874153137,
        "RMSE": 0.3165554106235504,
        "SNR": -0.5876231789588928,
        "snr_in_db": -16.0,
        "n_samples": 500
      },
      "m12dB": {
        "MSE": 0.09935402125120163,
        "MAE": 0.2606610953807831,
        "RMSE": 0.3152047395706177,
        "SNR": -0.5949320197105408,
        "snr_in_db": -12.0,
        "n_samples": 500
      },
      "m8dB": {
        "MSE": 0.09985756874084473,
        "MAE": 0.262408047914505,
        "RMSE": 0.3160024881362915,
        "SNR": -0.5889801383018494,
        "snr_in_db": -8.0,
        "n_samples": 500
      },
      "m4dB": {
        "MSE": 0.10190796107053757,
        "MAE": 0.26392650604248047,
        "RMSE": 0.31923025846481323,
        "SNR": -0.5829727053642273,
        "snr_in_db": -4.0,
        "n_samples": 500
      },
      "0dB": {
        "MSE": 0.12749160826206207,
        "MAE": 0.29495349526405334,
        "RMSE": 0.35705965757369995,
        "SNR": -0.5073918700218201,
        "snr_in_db": 0.0,
        "n_samples": 500
      }
    },
    "ResNetAutoencoder_gaussian": {
      "m20dB": {
        "MSE": 0.1038258969783783,
        "MAE": 0.2671450674533844,
        "RMSE": 0.3222202658653259,
        "SNR": -0.6521593332290649,
        "snr_in_db": -20.0,
        "n_samples": 500
      },
      "m16dB": {
        "MSE": 0.1021081954240799,
        "MAE": 0.26408693194389343,
        "RMSE": 0.319543719291687,
        "SNR": -0.6692343950271606,
        "snr_in_db": -16.0,
        "n_samples": 500
      },
      "m12dB": {
        "MSE": 0.1014922559261322,
        "MAE": 0.2629413902759552,
        "RMSE": 0.31857848167419434,
        "SNR": -0.6874066591262817,
        "snr_in_db": -12.0,
        "n_samples": 500
      },
      "m8dB": {
        "MSE": 0.10283888131380081,
        "MAE": 0.2656496465206146,
        "RMSE": 0.3206850290298462,
        "SNR": -0.7167440056800842,
        "snr_in_db": -8.0,
        "n_samples": 500
      },
      "m4dB": {
        "MSE": 0.11146187037229538,
        "MAE": 0.2740621864795685,
        "RMSE": 0.33385905623435974,
        "SNR": -0.9721550345420837,
        "snr_in_db": -4.0,
        "n_samples": 500
      },
      "0dB": {
        "MSE": 0.1624000519514084,
        "MAE": 0.329167902469635,
        "RMSE": 0.40298891067504883,
        "SNR": -1.5584375858306885,
        "snr_in_db": 0.0,
        "n_samples": 500
      }
    },
    "UnetAutoencoder_gaussian": {
      "m20dB": {
        "MSE": 0.09962481260299683,
        "MAE": 0.2627163231372833,
        "RMSE": 0.31563398241996765,
        "SNR": -0.4727773666381836,
        "snr_in_db": -20.0,
        "n_samples": 500
      },
      "m16dB": {
        "MSE": 0.09778445214033127,
        "MAE": 0.2593991458415985,
        "RMSE": 0.31270506978034973,
        "SNR": -0.4813266396522522,
        "snr_in_db": -16.0,
        "n_samples": 500
      },
      "m12dB": {
        "MSE": 0.09703749418258667,
        "MAE": 0.2578444480895996,
        "RMSE": 0.3115084171295166,
        "SNR": -0.4924730956554413,
        "snr_in_db": -12.0,
        "n_samples": 500
      },
      "m8dB": {
        "MSE": 0.09806740283966064,
        "MAE": 0.26043546199798584,
        "RMSE": 0.3131571412086487,
        "SNR": -0.5104172825813293,
        "snr_in_db": -8.0,
        "n_samples": 500
      },
      "m4dB": {
        "MSE": 0.1037890613079071,
        "MAE": 0.2658039927482605,
        "RMSE": 0.32216310501098633,
        "SNR": -0.662407636642456,
        "snr_in_db": -4.0,
        "n_samples": 500
      },
      "0dB": {
        "MSE": 0.13981951773166656,
        "MAE": 0.30741748213768005,
        "RMSE": 0.37392449378967285,
        "SNR": -0.9082539081573486,
        "snr_in_db": 0.0,
        "n_samples": 500
      }
    },
    "Wavelet_gaussian": {
      "m20dB": {
        "MSE": 0.0949535582964046,
        "MAE": 0.2575496554576253,
        "RMSE": 0.30814535254714553,
        "SNR": -0.26421478523485115,
        "snr_in_db": -20.0,
        "n_samples": 500
      },
      "m16dB": {
        "MSE": 0.09293457607312695,
        "MAE": 0.25371746663414485,
        "RMSE": 0.3048517280140084,
        "SNR": -0.2604016030349723,
        "snr_in_db": -16.0,
        "n_samples": 500
      },
      "m12dB": {
        "MSE": 0.09273032312505447,
        "MAE": 0.2529301261196051,
        "RMSE": 0.3045165399860153,
        "SNR": -0.2952953004203168,
        "snr_in_db": -12.0,
        "n_samples": 500
      },
      "m8dB": {
        "MSE": 0.09366423681847022,
        "MAE": 0.25540612700782594,
        "RMSE": 0.30604613511441414,
        "SNR": -0.3109084439297878,
        "snr_in_db": -8.0,
        "n_samples": 500
      },
      "m4dB": {
        "MSE": 0.10161384888522672,
        "MAE": 0.26344235306912644,
        "RMSE": 0.31876927217852524,
        "SNR": -0.5704207231807048,
        "snr_in_db": -4.0,
        "n_samples": 500
      },
      "0dB": {
        "MSE": 0.15066360538577853,
        "MAE": 0.31757559313244493,
        "RMSE": 0.38815410005019724,
        "SNR": -1.2326593423843915,
        "snr_in_db": 0.0,
        "n_samples": 500
      }
    }
  }
}