{
  "b1_run": "data_generation/datasets/fpv_telemetry_polygauss_qpsk_bs1024_n100000_953c56e8/runs/run_20260421_267176a3",
  "real_dataset": "data_generation/datasets/radioml2018_bpsk_qpsk_fpv",
  "test_noise": "non_gaussian",
  "nperseg": 128,
  "timestamp": "20260424_204825",
  "results": {
    "HybridDSGE_UNet_robust_S3_vA_gaussian": {
      "0dB": {
        "MSE": 0.12265711277723312,
        "MAE": 0.28763124346733093,
        "RMSE": 0.3502243757247925,
        "SNR": -0.5328116416931152,
        "snr_in_db": 0.0,
        "n_samples": 500
      },
      "4dB": {
        "MSE": 0.22172744572162628,
        "MAE": 0.38019508123397827,
        "RMSE": 0.4708794355392456,
        "SNR": -0.4317481815814972,
        "snr_in_db": 4.0,
        "n_samples": 500
      },
      "8dB": {
        "MSE": 0.4433870315551758,
        "MAE": 0.4987149238586426,
        "RMSE": 0.665873110294342,
        "SNR": -0.30275601148605347,
        "snr_in_db": 8.0,
        "n_samples": 500
      },
      "12dB": {
        "MSE": 0.6930127143859863,
        "MAE": 0.550038754940033,
        "RMSE": 0.832473874092102,
        "SNR": -0.19784396886825562,
        "snr_in_db": 12.0,
        "n_samples": 500
      },
      "16dB": {
        "MSE": 1.074550986289978,
        "MAE": 0.6177162528038025,
        "RMSE": 1.0366054773330688,
        "SNR": -0.14000287652015686,
        "snr_in_db": 16.0,
        "n_samples": 500
      },
      "18dB": {
        "MSE": 1.016843557357788,
        "MAE": 0.5939213633537292,
        "RMSE": 1.0083866119384766,
        "SNR": -0.14898435771465302,
        "snr_in_db": 18.0,
        "n_samples": 500
      }
    },
    "ResNetAutoencoder_gaussian": {
      "0dB": {
        "MSE": 0.11320862919092178,
        "MAE": 0.2771736979484558,
        "RMSE": 0.33646491169929504,
        "SNR": -0.18467964231967926,
        "snr_in_db": 0.0,
        "n_samples": 500
      },
      "4dB": {
        "MSE": 0.23855774104595184,
        "MAE": 0.3947645425796509,
        "RMSE": 0.48842373490333557,
        "SNR": -0.7494887113571167,
        "snr_in_db": 4.0,
        "n_samples": 500
      },
      "8dB": {
        "MSE": 0.5209910273551941,
        "MAE": 0.5503966808319092,
        "RMSE": 0.7217971086502075,
        "SNR": -1.0032285451889038,
        "snr_in_db": 8.0,
        "n_samples": 500
      },
      "12dB": {
        "MSE": 0.8093702793121338,
        "MAE": 0.6253254413604736,
        "RMSE": 0.8996500968933105,
        "SNR": -0.8719045519828796,
        "snr_in_db": 12.0,
        "n_samples": 500
      },
      "16dB": {
        "MSE": 1.2033897638320923,
        "MAE": 0.6948390603065491,
        "RMSE": 1.0969911813735962,
        "SNR": -0.6317955851554871,
        "snr_in_db": 16.0,
        "n_samples": 500
      },
      "18dB": {
        "MSE": 1.1459264755249023,
        "MAE": 0.6747133135795593,
        "RMSE": 1.0704795122146606,
        "SNR": -0.6680106520652771,
        "snr_in_db": 18.0,
        "n_samples": 500
      }
    },
    "UnetAutoencoder_gaussian": {
      "0dB": {
        "MSE": 0.11469321697950363,
        "MAE": 0.27915817499160767,
        "RMSE": 0.33866387605667114,
        "SNR": -0.24126166105270386,
        "snr_in_db": 0.0,
        "n_samples": 500
      },
      "4dB": {
        "MSE": 0.23594151437282562,
        "MAE": 0.39287102222442627,
        "RMSE": 0.4857380986213684,
        "SNR": -0.7015972137451172,
        "snr_in_db": 4.0,
        "n_samples": 500
      },
      "8dB": {
        "MSE": 0.49835413694381714,
        "MAE": 0.5355262160301208,
        "RMSE": 0.7059420347213745,
        "SNR": -0.8103067874908447,
        "snr_in_db": 8.0,
        "n_samples": 500
      },
      "12dB": {
        "MSE": 0.772825300693512,
        "MAE": 0.6029355525970459,
        "RMSE": 0.8791048526763916,
        "SNR": -0.6712455153465271,
        "snr_in_db": 12.0,
        "n_samples": 500
      },
      "16dB": {
        "MSE": 1.1616263389587402,
        "MAE": 0.6710171699523926,
        "RMSE": 1.0777877569198608,
        "SNR": -0.4783968925476074,
        "snr_in_db": 16.0,
        "n_samples": 500
      },
      "18dB": {
        "MSE": 1.1054999828338623,
        "MAE": 0.6497714519500732,
        "RMSE": 1.0514276027679443,
        "SNR": -0.5120304822921753,
        "snr_in_db": 18.0,
        "n_samples": 500
      }
    },
    "Wavelet_gaussian": {
      "0dB": {
        "MSE": 0.17737790327455705,
        "MAE": 0.3425643330916736,
        "RMSE": 0.4211625615775422,
        "SNR": -2.1348794941606988,
        "snr_in_db": 0.0,
        "n_samples": 500
      },
      "4dB": {
        "MSE": 0.34226094012272423,
        "MAE": 0.4739412384398402,
        "RMSE": 0.585030717247158,
        "SNR": -2.3171271151585078,
        "snr_in_db": 4.0,
        "n_samples": 500
      },
      "8dB": {
        "MSE": 0.6223762316513626,
        "MAE": 0.6118190089362726,
        "RMSE": 0.7889082529999053,
        "SNR": -1.775456260498658,
        "snr_in_db": 8.0,
        "n_samples": 500
      },
      "12dB": {
        "MSE": 0.9038857238352805,
        "MAE": 0.6808582663973752,
        "RMSE": 0.95072904859128,
        "SNR": -1.3515672738699287,
        "snr_in_db": 12.0,
        "n_samples": 500
      },
      "16dB": {
        "MSE": 1.2977945232343844,
        "MAE": 0.7483686658742844,
        "RMSE": 1.1392078490049058,
        "SNR": -0.9597918903854396,
        "snr_in_db": 16.0,
        "n_samples": 500
      },
      "18dB": {
        "MSE": 1.2409290071689612,
        "MAE": 0.7301667047098978,
        "RMSE": 1.1139699309985711,
        "SNR": -1.0139122974269006,
        "snr_in_db": 18.0,
        "n_samples": 500
      }
    }
  }
}