{
  "b1_run": "data_generation/datasets/deep_space_polygauss_qpsk_bs1024_n400000_0310b7e7/runs/run_20260423_3d8957d2",
  "real_dataset": "data_generation/datasets/radioml2018_bpsk_qpsk_deep_space",
  "test_noise": "non_gaussian",
  "nperseg": 128,
  "timestamp": "20260424_204851",
  "results": {
    "HybridDSGE_UNet_robust_S3_vA_non_gaussian": {
      "m20dB": {
        "MSE": 0.08968550711870193,
        "MAE": 0.2515275478363037,
        "RMSE": 0.29947537183761597,
        "SNR": -0.0163250844925642,
        "snr_in_db": -20.0,
        "n_samples": 500
      },
      "m16dB": {
        "MSE": 0.08784117549657822,
        "MAE": 0.24791213870048523,
        "RMSE": 0.2963801324367523,
        "SNR": -0.015609819442033768,
        "snr_in_db": -16.0,
        "n_samples": 500
      },
      "m12dB": {
        "MSE": 0.08697687089443207,
        "MAE": 0.24585287272930145,
        "RMSE": 0.294918417930603,
        "SNR": -0.017115313559770584,
        "snr_in_db": -12.0,
        "n_samples": 500
      },
      "m8dB": {
        "MSE": 0.08749333769083023,
        "MAE": 0.2480771392583847,
        "RMSE": 0.29579272866249084,
        "SNR": -0.014920387417078018,
        "snr_in_db": -8.0,
        "n_samples": 500
      },
      "m4dB": {
        "MSE": 0.08942776173353195,
        "MAE": 0.24918711185455322,
        "RMSE": 0.29904475808143616,
        "SNR": -0.015615534037351608,
        "snr_in_db": -4.0,
        "n_samples": 500
      },
      "0dB": {
        "MSE": 0.11388177424669266,
        "MAE": 0.2804245352745056,
        "RMSE": 0.33746373653411865,
        "SNR": -0.017118172720074654,
        "snr_in_db": 0.0,
        "n_samples": 500
      }
    },
    "ResNetAutoencoder_non_gaussian": {
      "m20dB": {
        "MSE": 0.09939542412757874,
        "MAE": 0.2624400854110718,
        "RMSE": 0.31527039408683777,
        "SNR": -0.46276625990867615,
        "snr_in_db": -20.0,
        "n_samples": 500
      },
      "m16dB": {
        "MSE": 0.0976099744439125,
        "MAE": 0.2591332793235779,
        "RMSE": 0.3124259412288666,
        "SNR": -0.47357064485549927,
        "snr_in_db": -16.0,
        "n_samples": 500
      },
      "m12dB": {
        "MSE": 0.09699217975139618,
        "MAE": 0.25784096121788025,
        "RMSE": 0.31143566966056824,
        "SNR": -0.4904448688030243,
        "snr_in_db": -12.0,
        "n_samples": 500
      },
      "m8dB": {
        "MSE": 0.0982268676161766,
        "MAE": 0.2606545090675354,
        "RMSE": 0.3134116530418396,
        "SNR": -0.5174732804298401,
        "snr_in_db": -8.0,
        "n_samples": 500
      },
      "m4dB": {
        "MSE": 0.1061859130859375,
        "MAE": 0.268337607383728,
        "RMSE": 0.3258618116378784,
        "SNR": -0.7615607976913452,
        "snr_in_db": -4.0,
        "n_samples": 500
      },
      "0dB": {
        "MSE": 0.1521844118833542,
        "MAE": 0.31945374608039856,
        "RMSE": 0.390108197927475,
        "SNR": -1.2762775421142578,
        "snr_in_db": 0.0,
        "n_samples": 500
      }
    },
    "UnetAutoencoder_non_gaussian": {
      "m20dB": {
        "MSE": 0.10313533991575241,
        "MAE": 0.2664833068847656,
        "RMSE": 0.3211469054222107,
        "SNR": -0.6231773495674133,
        "snr_in_db": -20.0,
        "n_samples": 500
      },
      "m16dB": {
        "MSE": 0.10127513855695724,
        "MAE": 0.26323822140693665,
        "RMSE": 0.3182375431060791,
        "SNR": -0.6336566805839539,
        "snr_in_db": -16.0,
        "n_samples": 500
      },
      "m12dB": {
        "MSE": 0.10066705197095871,
        "MAE": 0.2620323896408081,
        "RMSE": 0.31728070974349976,
        "SNR": -0.6519511342048645,
        "snr_in_db": -12.0,
        "n_samples": 500
      },
      "m8dB": {
        "MSE": 0.10154078155755997,
        "MAE": 0.2641790509223938,
        "RMSE": 0.3186546564102173,
        "SNR": -0.6615752577781677,
        "snr_in_db": -8.0,
        "n_samples": 500
      },
      "m4dB": {
        "MSE": 0.10667165368795395,
        "MAE": 0.269025057554245,
        "RMSE": 0.32660627365112305,
        "SNR": -0.7813819646835327,
        "snr_in_db": -4.0,
        "n_samples": 500
      },
      "0dB": {
        "MSE": 0.13970115780830383,
        "MAE": 0.3072310984134674,
        "RMSE": 0.3737661838531494,
        "SNR": -0.9045759439468384,
        "snr_in_db": 0.0,
        "n_samples": 500
      }
    },
    "Wavelet_non_gaussian": {
      "m20dB": {
        "MSE": 0.0949535582964046,
        "MAE": 0.2575496554576253,
        "RMSE": 0.30814535254714553,
        "SNR": -0.26421478523485115,
        "snr_in_db": -20.0,
        "n_samples": 500
      },
      "m16dB": {
        "MSE": 0.09293457607312695,
        "MAE": 0.25371746663414485,
        "RMSE": 0.3048517280140084,
        "SNR": -0.2604016030349723,
        "snr_in_db": -16.0,
        "n_samples": 500
      },
      "m12dB": {
        "MSE": 0.09273032312505447,
        "MAE": 0.2529301261196051,
        "RMSE": 0.3045165399860153,
        "SNR": -0.2952953004203168,
        "snr_in_db": -12.0,
        "n_samples": 500
      },
      "m8dB": {
        "MSE": 0.09366423681847022,
        "MAE": 0.25540612700782594,
        "RMSE": 0.30604613511441414,
        "SNR": -0.3109084439297878,
        "snr_in_db": -8.0,
        "n_samples": 500
      },
      "m4dB": {
        "MSE": 0.10161384888522672,
        "MAE": 0.26344235306912644,
        "RMSE": 0.31876927217852524,
        "SNR": -0.5704207231807048,
        "snr_in_db": -4.0,
        "n_samples": 500
      },
      "0dB": {
        "MSE": 0.15066360538577853,
        "MAE": 0.31757559313244493,
        "RMSE": 0.38815410005019724,
        "SNR": -1.2326593423843915,
        "snr_in_db": 0.0,
        "n_samples": 500
      }
    }
  }
}