{
  "b5_dataset": "data_generation/datasets/deep_space_realnoise_bpsk_qpsk",
  "real_test_dir": "data_generation/datasets/radioml2018_bpsk_qpsk_deep_space",
  "test_noise": "non_gaussian",
  "timestamp": "20260425_181247",
  "runs": {
    "run_20260425_5345d88d_UnetAutoencoder_non_gaussian": {
      "meta": {
        "phase": "B4_finetune",
        "source_checkpoint": "data_generation/datasets/deep_space_polygauss_qpsk_bs1024_n400000_0310b7e7/runs/run_20260423_ed46f843/UnetAutoencoder_gaussian/model_best.pth",
        "source_run": "data_generation/datasets/deep_space_polygauss_qpsk_bs1024_n400000_0310b7e7/runs/run_20260423_ed46f843",
        "real_dataset": "data_generation/datasets/deep_space_realnoise_bpsk_qpsk",
        "seed": 42,
        "epochs": 10,
        "lr": 0.0001,
        "partial": 0.25,
        "timestamp": "2026-04-25T12:55:10"
      },
      "per_snr": {
        "m20dB": {
          "MSE": 0.09640591591596603,
          "MAE": 0.25921621918678284,
          "RMSE": 0.31049302220344543,
          "SNR": -0.3301391303539276,
          "snr_in_db": -20.0,
          "n_samples": 500
        },
        "m16dB": {
          "MSE": 0.09452751278877258,
          "MAE": 0.2556706368923187,
          "RMSE": 0.3074532747268677,
          "SNR": -0.33421051502227783,
          "snr_in_db": -16.0,
          "n_samples": 500
        },
        "m12dB": {
          "MSE": 0.09410713613033295,
          "MAE": 0.25452232360839844,
          "RMSE": 0.30676886439323425,
          "SNR": -0.35930323600769043,
          "snr_in_db": -12.0,
          "n_samples": 500
        },
        "m8dB": {
          "MSE": 0.09514059871435165,
          "MAE": 0.25718027353286743,
          "RMSE": 0.3084487020969391,
          "SNR": -0.37882938981056213,
          "snr_in_db": -8.0,
          "n_samples": 500
        },
        "m4dB": {
          "MSE": 0.10260723531246185,
          "MAE": 0.2644015848636627,
          "RMSE": 0.320323646068573,
          "SNR": -0.6126717329025269,
          "snr_in_db": -4.0,
          "n_samples": 500
        },
        "0dB": {
          "MSE": 0.14734424650669098,
          "MAE": 0.31491369009017944,
          "RMSE": 0.3838544487953186,
          "SNR": -1.1359078884124756,
          "snr_in_db": 0.0,
          "n_samples": 500
        }
      }
    },
    "run_20260425_aa1a55fa_UnetAutoencoder_gaussian": {
      "meta": {
        "phase": "B4_finetune",
        "source_checkpoint": "data_generation/datasets/deep_space_polygauss_qpsk_bs1024_n400000_0310b7e7/runs/run_20260423_ed46f843/UnetAutoencoder_gaussian/model_best.pth",
        "source_run": "data_generation/datasets/deep_space_polygauss_qpsk_bs1024_n400000_0310b7e7/runs/run_20260423_ed46f843",
        "real_dataset": "data_generation/datasets/deep_space_realnoise_bpsk_qpsk",
        "seed": 42,
        "epochs": 10,
        "lr": 0.0001,
        "partial": 0.25,
        "timestamp": "2026-04-25T12:55:10"
      },
      "per_snr": {
        "m20dB": {
          "MSE": 0.09718087315559387,
          "MAE": 0.2600836157798767,
          "RMSE": 0.3117384612560272,
          "SNR": -0.3649100661277771,
          "snr_in_db": -20.0,
          "n_samples": 500
        },
        "m16dB": {
          "MSE": 0.0953863188624382,
          "MAE": 0.25676220655441284,
          "RMSE": 0.30884674191474915,
          "SNR": -0.37348949909210205,
          "snr_in_db": -16.0,
          "n_samples": 500
        },
        "m12dB": {
          "MSE": 0.09445822238922119,
          "MAE": 0.25483468174934387,
          "RMSE": 0.3073405623435974,
          "SNR": -0.37547510862350464,
          "snr_in_db": -12.0,
          "n_samples": 500
        },
        "m8dB": {
          "MSE": 0.09529954195022583,
          "MAE": 0.2573699653148651,
          "RMSE": 0.30870625376701355,
          "SNR": -0.3860786557197571,
          "snr_in_db": -8.0,
          "n_samples": 500
        },
        "m4dB": {
          "MSE": 0.09905324131250381,
          "MAE": 0.26063641905784607,
          "RMSE": 0.314727246761322,
          "SNR": -0.4595784842967987,
          "snr_in_db": -4.0,
          "n_samples": 500
        },
        "0dB": {
          "MSE": 0.13227242231369019,
          "MAE": 0.29987162351608276,
          "RMSE": 0.3636927604675293,
          "SNR": -0.6672686338424683,
          "snr_in_db": 0.0,
          "n_samples": 500
        }
      }
    },
    "run_20260425_b61c86e1_UnetAutoencoder_non_gaussian": {
      "meta": {
        "phase": "B4_finetune",
        "source_checkpoint": "data_generation/datasets/deep_space_polygauss_qpsk_bs1024_n400000_0310b7e7/runs/run_20260423_ed46f843/UnetAutoencoder_gaussian/model_best.pth",
        "source_run": "data_generation/datasets/deep_space_polygauss_qpsk_bs1024_n400000_0310b7e7/runs/run_20260423_ed46f843",
        "real_dataset": "data_generation/datasets/deep_space_realnoise_bpsk_qpsk",
        "seed": 42,
        "epochs": 10,
        "lr": 0.0001,
        "partial": 0.25,
        "timestamp": "2026-04-25T12:55:10"
      },
      "per_snr": {
        "m20dB": {
          "MSE": 0.09735992550849915,
          "MAE": 0.26025256514549255,
          "RMSE": 0.3120255172252655,
          "SNR": -0.3729047179222107,
          "snr_in_db": -20.0,
          "n_samples": 500
        },
        "m16dB": {
          "MSE": 0.09542790800333023,
          "MAE": 0.256745845079422,
          "RMSE": 0.30891406536102295,
          "SNR": -0.37538254261016846,
          "snr_in_db": -16.0,
          "n_samples": 500
        },
        "m12dB": {
          "MSE": 0.09487713873386383,
          "MAE": 0.25542011857032776,
          "RMSE": 0.30802133679389954,
          "SNR": -0.3946932554244995,
          "snr_in_db": -12.0,
          "n_samples": 500
        },
        "m8dB": {
          "MSE": 0.09572622925043106,
          "MAE": 0.2578783333301544,
          "RMSE": 0.30939656496047974,
          "SNR": -0.4054799973964691,
          "snr_in_db": -8.0,
          "n_samples": 500
        },
        "m4dB": {
          "MSE": 0.10203301161527634,
          "MAE": 0.26377904415130615,
          "RMSE": 0.3194260597229004,
          "SNR": -0.5882989168167114,
          "snr_in_db": -4.0,
          "n_samples": 500
        },
        "0dB": {
          "MSE": 0.14283102750778198,
          "MAE": 0.3104933202266693,
          "RMSE": 0.3779299259185791,
          "SNR": -1.0008012056350708,
          "snr_in_db": 0.0,
          "n_samples": 500
        }
      }
    },
    "run_20260425_b8c754df_UnetAutoencoder_gaussian": {
      "meta": {
        "phase": "B4_finetune",
        "source_checkpoint": "data_generation/datasets/deep_space_polygauss_qpsk_bs1024_n400000_0310b7e7/runs/run_20260423_ed46f843/UnetAutoencoder_gaussian/model_best.pth",
        "source_run": "data_generation/datasets/deep_space_polygauss_qpsk_bs1024_n400000_0310b7e7/runs/run_20260423_ed46f843",
        "real_dataset": "data_generation/datasets/deep_space_realnoise_bpsk_qpsk",
        "seed": 42,
        "epochs": 10,
        "lr": 0.0001,
        "partial": 0.25,
        "timestamp": "2026-04-25T12:55:10"
      },
      "per_snr": {
        "m20dB": {
          "MSE": 0.09622258692979813,
          "MAE": 0.2590186893939972,
          "RMSE": 0.310197651386261,
          "SNR": -0.3218725919723511,
          "snr_in_db": -20.0,
          "n_samples": 500
        },
        "m16dB": {
          "MSE": 0.09432344883680344,
          "MAE": 0.25553080439567566,
          "RMSE": 0.307121217250824,
          "SNR": -0.3248249888420105,
          "snr_in_db": -16.0,
          "n_samples": 500
        },
        "m12dB": {
          "MSE": 0.09353859722614288,
          "MAE": 0.25377774238586426,
          "RMSE": 0.30584079027175903,
          "SNR": -0.33298617601394653,
          "snr_in_db": -12.0,
          "n_samples": 500
        },
        "m8dB": {
          "MSE": 0.09449103474617004,
          "MAE": 0.2565005123615265,