{
  "b5_dataset": "data_generation/datasets/fpv_realnoise_bpsk_qpsk",
  "real_test_dir": "data_generation/datasets/radioml2018_bpsk_qpsk_fpv",
  "test_noise": "non_gaussian",
  "timestamp": "20260425_111010",
  "runs": {
    "run_20260425_1a40f044_UnetAutoencoder_non_gaussian": {
      "meta": {},
      "per_snr": {
        "0dB": {
          "MSE": 0.10863905400037766,
          "MAE": 0.2711990177631378,
          "RMSE": 0.3296043872833252,
          "SNR": -0.005744010675698519,
          "snr_in_db": 0.0,
          "n_samples": 500
        },
        "4dB": {
          "MSE": 0.20168641209602356,
          "MAE": 0.3630986511707306,
          "RMSE": 0.44909510016441345,
          "SNR": -0.02032032050192356,
          "snr_in_db": 4.0,
          "n_samples": 500
        },
        "8dB": {
          "MSE": 0.4211407005786896,
          "MAE": 0.4840378761291504,
          "RMSE": 0.6489535570144653,
          "SNR": -0.07919832319021225,
          "snr_in_db": 8.0,
          "n_samples": 500
        },
        "12dB": {
          "MSE": 0.6755662560462952,
          "MAE": 0.5383031368255615,
          "RMSE": 0.8219283819198608,
          "SNR": -0.08711159974336624,
          "snr_in_db": 12.0,
          "n_samples": 500
        },
        "16dB": {
          "MSE": 1.0575149059295654,
          "MAE": 0.6070436835289001,
          "RMSE": 1.0283554792404175,
          "SNR": -0.07059742510318756,
          "snr_in_db": 16.0,
          "n_samples": 500
        },
        "18dB": {
          "MSE": 1.0013216733932495,
          "MAE": 0.5832852721214294,
          "RMSE": 1.0006606578826904,
          "SNR": -0.08217908442020416,
          "snr_in_db": 18.0,
          "n_samples": 500
        }
      }
    },
    "run_20260425_32431ed3_UnetAutoencoder_non_gaussian": {
      "meta": {},
      "per_snr": {
        "0dB": {
          "MSE": 0.1087910532951355,
          "MAE": 0.2714569866657257,
          "RMSE": 0.32983487844467163,
          "SNR": -0.011816178448498249,
          "snr_in_db": 0.0,
          "n_samples": 500
        },
        "4dB": {
          "MSE": 0.20609937608242035,
          "MAE": 0.3673030436038971,
          "RMSE": 0.4539816975593567,
          "SNR": -0.11432070285081863,
          "snr_in_db": 4.0,
          "n_samples": 500
        },
        "8dB": {
          "MSE": 0.43594545125961304,
          "MAE": 0.49443480372428894,
          "RMSE": 0.6602616310119629,
          "SNR": -0.22924795746803284,
          "snr_in_db": 8.0,
          "n_samples": 500
        },
        "12dB": {
          "MSE": 0.6962006688117981,
          "MAE": 0.5531965494155884,
          "RMSE": 0.83438640832901,
          "SNR": -0.2177763134241104,
          "snr_in_db": 12.0,
          "n_samples": 500
        },
        "16dB": {
          "MSE": 1.0823076963424683,
          "MAE": 0.6232242584228516,
          "RMSE": 1.0403401851654053,
          "SNR": -0.17124004662036896,
          "snr_in_db": 16.0,
          "n_samples": 500
        },
        "18dB": {
          "MSE": 1.0267853736877441,
          "MAE": 0.6001377701759338,
          "RMSE": 1.0133042335510254,
          "SNR": -0.19123977422714233,
          "snr_in_db": 18.0,
          "n_samples": 500
        }
      }
    },
    "run_20260425_71d66651_UnetAutoencoder_gaussian": {
      "meta": {},
      "per_snr": {
        "0dB": {
          "MSE": 0.11756863445043564,
          "MAE": 0.2820916175842285,
          "RMSE": 0.34288284182548523,
          "SNR": -0.3487989902496338,
          "snr_in_db": 0.0,
          "n_samples": 500
        },
        "4dB": {
          "MSE": 0.22336089611053467,
          "MAE": 0.3817550539970398,
          "RMSE": 0.4726107120513916,
          "SNR": -0.46362534165382385,
          "snr_in_db": 4.0,
          "n_samples": 500
        },
        "8dB": {
          "MSE": 0.4562729597091675,
          "MAE": 0.507655143737793,
          "RMSE": 0.6754798293113708,
          "SNR": -0.4271736443042755,
          "snr_in_db": 8.0,
          "n_samples": 500
        },
        "12dB": {
          "MSE": 0.7134283781051636,
          "MAE": 0.5643051862716675,
          "RMSE": 0.8446468710899353,
          "SNR": -0.32393601536750793,
          "snr_in_db": 12.0,
          "n_samples": 500
        },
        "16dB": {
          "MSE": 1.0967485904693604,
          "MAE": 0.6326674222946167,
          "RMSE": 1.047257661819458,
          "SNR": -0.22880317270755768,
          "snr_in_db": 16.0,
          "n_samples": 500
        },
        "18dB": {
          "MSE": 1.0402714014053345,
          "MAE": 0.6089563369750977,
          "RMSE": 1.0199369192123413,
          "SNR": -0.24790926277637482,
          "snr_in_db": 18.0,
          "n_samples": 500
        }
      }
    },
    "run_20260425_942b8fad_UnetAutoencoder_gaussian": {
      "meta": {},
      "per_snr": {
        "0dB": {
          "MSE": 0.11929447948932648,
          "MAE": 0.28416314721107483,
          "RMSE": 0.34539031982421875,
          "SNR": -0.41208767890930176,
          "snr_in_db": 0.0,
          "n_samples": 500
        },
        "4dB": {
          "MSE": 0.2289602905511856,
          "MAE": 0.38651978969573975,
          "RMSE": 0.4784979522228241,
          "SNR": -0.5711554884910583,
          "snr_in_db": 4.0,
          "n_samples": 500
        },
        "8dB": {
          "MSE": 0.46507570147514343,
          "MAE": 0.5131209492683411,
          "RMSE": 0.6819645762443542,
          "SNR": -0.5101627707481384,
          "snr_in_db": 8.0,
          "n_samples": 500
        },
        "12dB": {
          "MSE": 0.7248223423957825,
          "MAE": 0.5717065334320068,
          "RMSE": 0.8513649702072144,
          "SNR": -0.39274752140045166,
          "snr_in_db": 12.0,
          "n_samples": 500
        },
        "16dB": {
          "MSE": 1.1093378067016602,
          "MAE": 0.6394028067588806,
          "RMSE": 1.053251028060913,
          "SNR": -0.27837058901786804,
          "snr_in_db": 16.0,
          "n_samples": 500
        },
        "18dB": {
          "MSE": 1.0525784492492676,
          "MAE": 0.6162617206573486,
          "RMSE": 1.0259524583816528,
          "SNR": -0.2989879846572876,
          "snr_in_db": 18.0,
          "n_samples": 500
        }
      }
    }
  }
}